Bin Id,Bin Usage,Bin Type
P-1-A218F342,PRIME,PALLET-SINGLE
P-1-A237B292,PRIME,PALLET-SINGLE
P-1-A227B460,PRIME,PALLET-SINGLE
P-1-A239B500,PRIME,PALLET-SINGLE
P-1-A232F401,PRIME,PALLET-SINGLE
P-1-A229B443,PRIME,PALLET-SINGLE
P-1-A223B441,PRIME,PALLET-SINGLE
P-1-A238B272,PRIME,PALLET-SINGLE
P-1-A217F460,PRIME,PALLET-SINGLE
P-1-A236B383,PRIME,PALLET-SINGLE
P-1-F205A310,PRIME_PUTBACK,PALLET-SINGLE
P-1-A246B320,PRIME,PALLET-SINGLE
P-1-A229B463,PRIME,PALLET-SINGLE
P-1-A229B323,PRIME,PALLET-SINGLE
P-1-A229B422,PRIME,PALLET-SINGLE
P-1-A217D333,PRIME,PALLET-SINGLE
P-1-A236B441,PRIME,PALLET-SINGLE
P-1-A236E483,PRIME,PALLET-SINGLE
P-1-A218G423,PRIME,PALLET-SINGLE
P-1-A221B393,PRIME,PALLET-SINGLE
P-1-A221B452,PRIME,PALLET-SINGLE
P-1-A234B422,PRIME,PALLET-SINGLE
P-1-A238B502,PRIME,PALLET-SINGLE
P-1-A236B422,PRIME,PALLET-SINGLE
P-1-A232G383,PRIME,PALLET-SINGLE
P-1-A245B362,PRIME,PALLET-SINGLE
P-1-A242B322,PRIME,PALLET-SINGLE
P-1-A218C423,PRIME,PALLET-SINGLE
P-1-A235B380,PRIME,PALLET-SINGLE
P-1-A248B363,PRIME,PALLET-SINGLE
P-1-A218F413,PRIME,PALLET-SINGLE
P-1-A219B273,PRIME,PALLET-SINGLE
P-1-A234B212,PRIME,PALLET-SINGLE
P-1-A247B482,PRIME,PALLET-SINGLE
P-1-A221B273,PRIME,PALLET-SINGLE
P-1-A239B443,PRIME,PALLET-SINGLE
P-1-A217F442,PRIME,PALLET-SINGLE
P-1-A218G340,PRIME,PALLET-SINGLE
P-1-A218F242,PRIME,PALLET-SINGLE
P-1-A236B452,PRIME,PALLET-SINGLE
P-1-A217F333,PRIME,PALLET-SINGLE
P-1-A247B221,PRIME,PALLET-SINGLE
P-1-A227B403,PRIME,PALLET-SINGLE
P-1-A239B391,PRIME,PALLET-SINGLE
P-1-A236B473,PRIME,PALLET-SINGLE
P-1-A236B380,PRIME,PALLET-SINGLE
P-1-A217D320,PRIME,PALLET-SINGLE
P-1-A218F412,PRIME,PALLET-SINGLE
P-1-F206A470,PRIME_PUTBACK,PALLET-SINGLE
P-1-A228B410,PRIME,PALLET-SINGLE
P-1-A239B482,PRIME,PALLET-SINGLE
P-1-F300A410,PRIME_PUTBACK,PALLET-SINGLE
P-1-A232F411,PRIME,PALLET-SINGLE
P-1-F300A460,PRIME_PUTBACK,PALLET-SINGLE
P-1-A228B430,PRIME,PALLET-SINGLE
P-1-A243B282,PRIME,PALLET-SINGLE
P-1-A218G432,PRIME,PALLET-SINGLE
P-1-A247B422,PRIME,PALLET-SINGLE
P-1-A237B293,PRIME,PALLET-SINGLE
P-1-A236B412,PRIME,PALLET-SINGLE
P-1-A221B321,PRIME,PALLET-SINGLE
P-1-A223B352,PRIME,PALLET-SINGLE
P-1-A222B300,PRIME,PALLET-SINGLE
P-1-A229B373,PRIME,PALLET-SINGLE
P-1-F310A235,PRIME_PUTBACK,PALLET-SINGLE
P-1-A236D483,PRIME,PALLET-SINGLE
P-1-A237B272,PRIME,PALLET-SINGLE
P-1-A230B433,PRIME,PALLET-SINGLE
P-1-A237B473,PRIME,PALLET-SINGLE
P-1-A209G293,DIRECTED_MULTI_ASIN,PALLET-SINGLE
P-1-A228B411,PRIME,PALLET-SINGLE
P-1-A243D480,PRIME,PALLET-SINGLE
P-1-A222B501,PRIME,PALLET-SINGLE
P-1-A217E333,PRIME,PALLET-SINGLE
P-1-A217F332,PRIME,PALLET-SINGLE
P-1-F310A230,PRIME_PUTBACK,PALLET-SINGLE
P-1-A228B482,PRIME,PALLET-SINGLE
P-1-A239B323,PRIME,PALLET-SINGLE
P-5-C185A530,RANDOM_STOW,PALLET-SINGLE
P-1-A237B482,PRIME,PALLET-SINGLE
P-1-A234B390,PRIME,PALLET-SINGLE
P-1-A229B421,PRIME,PALLET-SINGLE
P-1-A236G492,PRIME,PALLET-SINGLE
P-1-A227B390,PRIME,PALLET-SINGLE
P-1-A218F470,PRIME,PALLET-SINGLE
P-1-A227B443,PRIME,PALLET-SINGLE
P-1-A218D410,PRIME,PALLET-SINGLE
P-1-A236G491,PRIME,PALLET-SINGLE
P-1-A246B401,PRIME,PALLET-SINGLE
P-1-A218F491,PRIME,PALLET-SINGLE
P-1-A229B382,PRIME,PALLET-SINGLE
P-1-A217G333,PRIME,PALLET-SINGLE
P-5-C247A610,RANDOM_STOW,PALLET-SINGLE
P-1-A212E233,DIRECTED_MULTI_ASIN,PALLET-SINGLE
P-1-A218E370,PRIME,PALLET-SINGLE
P-1-A246B380,PRIME,PALLET-SINGLE
P-1-A250B272,PRIME,PALLET-SINGLE
P-1-A223G342,PRIME,PALLET-SINGLE
P-1-A218F340,PRIME,PALLET-SINGLE
P-1-A238B321,PRIME,PALLET-SINGLE
P-1-A241B452,PRIME,PALLET-SINGLE
P-1-A222B391,PRIME,PALLET-SINGLE
P-1-A238B420,PRIME,PALLET-SINGLE
P-1-A226B351,PRIME,PALLET-SINGLE
P-1-A236D491,PRIME,PALLET-SINGLE
P-1-A233B260,PRIME,PALLET-SINGLE
P-1-A226B413,PRIME,PALLET-SINGLE
P-1-A220B370,PRIME,PALLET-SINGLE
P-1-A220B441,PRIME,PALLET-SINGLE
P-5-B286A356,RANDOM_STOW,PALLET-SINGLE
P-1-A231B473,PRIME,PALLET-SINGLE
P-1-A235B473,PRIME,PALLET-SINGLE
P-1-A231B491,PRIME,PALLET-SINGLE
P-1-A239B502,PRIME,PALLET-SINGLE
P-1-A235B462,PRIME,PALLET-SINGLE
P-1-A218D441,PRIME,PALLET-SINGLE
P-1-A236C500,PRIME,PALLET-SINGLE
P-1-A213B212,DIRECTED_MULTI_ASIN,PALLET-SINGLE
P-1-A217G432,PRIME,PALLET-SINGLE
P-1-A236B432,PRIME,PALLET-SINGLE
P-1-F300A340,PRIME_PUTBACK,PALLET-SINGLE
P-1-A236B430,PRIME,PALLET-SINGLE
P-1-A247B413,PRIME,PALLET-SINGLE
P-1-A242B323,PRIME,PALLET-SINGLE
P-1-A225D281,PRIME,PALLET-SINGLE
P-1-A217E441,PRIME,PALLET-SINGLE
P-1-A222G460,PRIME,PALLET-SINGLE
P-1-A217C333,PRIME,PALLET-SINGLE
P-1-A214C211,DIRECTED_MULTI_ASIN,PALLET-SINGLE
P-1-A218G422,PRIME,PALLET-SINGLE
P-1-A236D493,PRIME,PALLET-SINGLE
P-1-A243F482,PRIME,PALLET-SINGLE
P-1-A238B263,PRIME,PALLET-SINGLE
P-1-A243B481,PRIME,PALLET-SINGLE
P-2-B283A272,PRIME,PALLET-SINGLE
P-1-A250B362,PRIME,PALLET-SINGLE
P-1-A233B273,PRIME,PALLET-SINGLE
P-1-A243E482,PRIME,PALLET-SINGLE
P-5-B247A388,RANDOM_STOW,PALLET-SINGLE
P-1-A235B410,PRIME,PALLET-SINGLE
P-1-A226B420,PRIME,PALLET-SINGLE
P-1-A239B480,PRIME,PALLET-SINGLE
P-1-A236B491,PRIME,PALLET-SINGLE
P-1-A230B491,PRIME,PALLET-SINGLE
P-1-A218G272,PRIME,PALLET-SINGLE
P-1-A217G290,PRIME,PALLET-SINGLE
P-1-A246B383,PRIME,PALLET-SINGLE
P-1-A234B460,PRIME,PALLET-SINGLE
P-1-A236A500,DIRECTED_MULTI_ASIN,PALLET-SINGLE
P-1-A238B341,PRIME,PALLET-SINGLE
P-1-A220B431,PRIME,PALLET-SINGLE
P-1-A236B341,PRIME,PALLET-SINGLE
P-1-A239B472,PRIME,PALLET-SINGLE
P-1-A218D233,PRIME,PALLET-SINGLE
P-1-A222B382,PRIME,PALLET-SINGLE
P-1-A230B473,PRIME,PALLET-SINGLE
P-1-A249B453,PRIME,PALLET-SINGLE
P-1-A225B362,PRIME,PALLET-SINGLE
P-1-A225B452,PRIME,PALLET-SINGLE
P-1-A247B461,PRIME,PALLET-SINGLE
P-1-A236D492,PRIME,PALLET-SINGLE
P-1-A222B471,PRIME,PALLET-SINGLE
P-1-A221B263,PRIME,PALLET-SINGLE
P-1-A228B492,PRIME,PALLET-SINGLE
P-1-A218G223,PRIME,PALLET-SINGLE
P-1-A237B333,PRIME,PALLET-SINGLE
P-1-A216A230,DIRECTED_MULTI_ASIN,PALLET-SINGLE
P-1-A217G500,PRIME,PALLET-SINGLE
P-1-A247B393,PRIME,PALLET-SINGLE
P-1-A221B463,PRIME,PALLET-SINGLE
P-1-A243C482,PRIME,PALLET-SINGLE
P-1-A218E282,PRIME,PALLET-SINGLE
P-1-A236B410,PRIME,PALLET-SINGLE
P-1-A236C502,PRIME,PALLET-SINGLE
P-1-A236B470,PRIME,PALLET-SINGLE
P-1-A230B482,PRIME,PALLET-SINGLE
P-1-A218D452,PRIME,PALLET-SINGLE
P-1-A217E420,PRIME,PALLET-SINGLE
P-1-A217G400,PRIME,PALLET-SINGLE
P-1-A242B393,PRIME,PALLET-SINGLE
P-1-A239B471,PRIME,PALLET-SINGLE
P-1-A231B353,PRIME,PALLET-SINGLE
P-1-A231B403,PRIME,PALLET-SINGLE
P-1-A244B452,PRIME,PALLET-SINGLE
P-1-A217G493,PRIME,PALLET-SINGLE
P-1-A227B341,PRIME,PALLET-SINGLE
P-1-A238B463,PRIME,PALLET-SINGLE
P-1-A218E362,PRIME,PALLET-SINGLE
P-1-A241B363,PRIME,PALLET-SINGLE
P-1-A246B423,PRIME,PALLET-SINGLE
P-1-F301A250,PRIME_PUTBACK,PALLET-SINGLE
P-1-A238B370,PRIME,PALLET-SINGLE
P-1-A247B420,PRIME,PALLET-SINGLE
P-5-C188A430,RANDOM_STOW,PALLET-SINGLE
P-1-A239B490,PRIME,PALLET-SINGLE
P-1-A237B371,PRIME,PALLET-SINGLE
P-1-A236B330,PRIME,PALLET-SINGLE
P-1-A222B500,PRIME,PALLET-SINGLE
P-1-A238B402,PRIME,PALLET-SINGLE
P-1-A246B392,PRIME,PALLET-SINGLE
P-1-A235B502,PRIME,PALLET-SINGLE
P-1-A247B402,PRIME,PALLET-SINGLE
P-1-A241B362,PRIME,PALLET-SINGLE
P-1-A243F483,PRIME,PALLET-SINGLE
P-1-A236D500,PRIME,PALLET-SINGLE
P-1-A242B390,PRIME,PALLET-SINGLE
P-1-A235B453,PRIME,PALLET-SINGLE
P-1-A217E342,PRIME,PALLET-SINGLE
P-1-A238B262,PRIME,PALLET-SINGLE
P-1-A226B373,PRIME,PALLET-SINGLE
P-1-F201A440,PRIME_PUTBACK,PALLET-SINGLE
P-1-A218F421,PRIME,PALLET-SINGLE
P-1-A221B340,PRIME,PALLET-SINGLE
P-1-A238B393,PRIME,PALLET-SINGLE
P-1-A247B463,PRIME,PALLET-SINGLE
P-1-F201A460,PRIME_PUTBACK,PALLET-SINGLE
P-1-A218E411,PRIME,PALLET-SINGLE
P-1-A231B470,PRIME,PALLET-SINGLE
P-1-A241B273,PRIME,PALLET-SINGLE
P-1-A217F490,PRIME,PALLET-SINGLE
P-1-A226B410,PRIME,PALLET-SINGLE
P-1-A217F393,PRIME,PALLET-SINGLE
P-1-A221B313,PRIME,PALLET-SINGLE
P-1-A226B482,PRIME,PALLET-SINGLE
P-1-A225B453,PRIME,PALLET-SINGLE
P-1-A248B272,PRIME,PALLET-SINGLE
P-1-A218G473,PRIME,PALLET-SINGLE
P-1-A236B500,PRIME,PALLET-SINGLE
P-1-A229B440,PRIME,PALLET-SINGLE
P-1-A235B432,PRIME,PALLET-SINGLE
P-5-C247A630,RANDOM_STOW,PALLET-SINGLE
P-1-A236B411,PRIME,PALLET-SINGLE
P-1-A220B460,PRIME,PALLET-SINGLE
P-1-A246B372,PRIME,PALLET-SINGLE
P-1-A235B440,PRIME,PALLET-SINGLE
P-1-A217G411,PRIME,PALLET-SINGLE
P-1-A227B482,PRIME,PALLET-SINGLE
P-1-A229B380,PRIME,PALLET-SINGLE
P-1-A218G413,PRIME,PALLET-SINGLE
P-1-A217F413,PRIME,PALLET-SINGLE
P-1-A246B230,PRIME,PALLET-SINGLE
P-1-A211B273,DIRECTED_MULTI_ASIN,PALLET-SINGLE
P-1-A222B480,PRIME,PALLET-SINGLE
P-1-A218E423,PRIME,PALLET-SINGLE
P-1-A235B442,PRIME,PALLET-SINGLE
P-1-A220A281,DIRECTED_MULTI_ASIN,PALLET-SINGLE
P-1-A240B363,PRIME,PALLET-SINGLE
P-1-A231B432,PRIME,PALLET-SINGLE
P-5-B211A200,RANDOM_STOW,PALLET-SINGLE
P-1-A240B362,PRIME,PALLET-SINGLE
P-1-A218G412,PRIME,PALLET-SINGLE
P-1-A238B491,PRIME,PALLET-SINGLE
P-1-A236B342,PRIME,PALLET-SINGLE
P-1-A218E242,PRIME,PALLET-SINGLE
P-1-A242B442,PRIME,PALLET-SINGLE
P-1-A222B390,PRIME,PALLET-SINGLE
P-1-A228B352,PRIME,PALLET-SINGLE
P-1-A231B492,PRIME,PALLET-SINGLE
P-1-A236B502,PRIME,PALLET-SINGLE
P-1-A227B383,PRIME,PALLET-SINGLE
P-1-A218C430,PRIME,PALLET-SINGLE
P-1-A247B462,PRIME,PALLET-SINGLE
P-1-A236B332,PRIME,PALLET-SINGLE
P-1-A223B403,PRIME,PALLET-SINGLE
P-1-A229B472,PRIME,PALLET-SINGLE
P-1-A228B351,PRIME,PALLET-SINGLE
P-5-B214A266,RANDOM_STOW,PALLET-SINGLE
P-1-A238B430,PRIME,PALLET-SINGLE
P-1-A243C481,PRIME,PALLET-SINGLE
P-1-A234B471,PRIME,PALLET-SINGLE
P-1-A218F231,PRIME,PALLET-SINGLE
P-1-A250B273,PRIME,PALLET-SINGLE
P-1-A218G421,PRIME,PALLET-SINGLE
P-1-A234B393,PRIME,PALLET-SINGLE
P-1-A227B470,PRIME,PALLET-SINGLE
P-1-A218F223,PRIME,PALLET-SINGLE
P-1-A220C451,PRIME,PALLET-SINGLE
P-1-A217D413,PRIME,PALLET-SINGLE
P-5-B286A276,RANDOM_STOW,PALLET-SINGLE
P-1-F202A450,PRIME_PUTBACK,PALLET-SINGLE
P-1-A218D430,PRIME,PALLET-SINGLE
P-1-A236B472,PRIME,PALLET-SINGLE
P-1-A234B493,PRIME,PALLET-SINGLE
P-1-A217F391,PRIME,PALLET-SINGLE
P-1-A236B313,PRIME,PALLET-SINGLE
P-1-A236B440,PRIME,PALLET-SINGLE
P-1-A220B420,PRIME,PALLET-SINGLE
P-1-A221B433,PRIME,PALLET-SINGLE
P-1-F201A520,PRIME,PALLET-SINGLE
P-1-A223B372,PRIME,PALLET-SINGLE
P-1-A230B301,PRIME,PALLET-SINGLE
P-1-A231B490,PRIME,PALLET-SINGLE
P-1-A231B412,PRIME,PALLET-SINGLE
P-1-A218G231,PRIME,PALLET-SINGLE
P-1-A218F410,PRIME,PALLET-SINGLE
P-1-A217F473,PRIME,PALLET-SINGLE
P-1-A236B490,PRIME,PALLET-SINGLE
P-1-A230B420,PRIME,PALLET-SINGLE
P-1-A221B422,PRIME,PALLET-SINGLE
P-1-A217B483,PRIME,PALLET-SINGLE
P-1-A213G223,DIRECTED_MULTI_ASIN,PALLET-SINGLE
P-1-A218G371,PRIME,PALLET-SINGLE
P-1-A234B402,PRIME,PALLET-SINGLE
P-1-A221B323,PRIME,PALLET-SINGLE
P-1-A221B300,PRIME,PALLET-SINGLE
P-1-A209B272,DIRECTED_MULTI_ASIN,PALLET-SINGLE
P-1-A218E232,PRIME,PALLET-SINGLE
P-1-A228B491,PRIME,PALLET-SINGLE
P-1-A246B382,PRIME,PALLET-SINGLE
P-1-A242B470,PRIME,PALLET-SINGLE
P-1-A243G483,PRIME,PALLET-SINGLE
P-1-A235B402,PRIME,PALLET-SINGLE
P-1-A217B431,PRIME,PALLET-SINGLE
P-1-A236F483,PRIME,PALLET-SINGLE
P-1-A217F463,PRIME,PALLET-SINGLE
P-1-A229B452,PRIME,PALLET-SINGLE
P-1-A235B412,PRIME,PALLET-SINGLE
P-1-A229B322,PRIME,PALLET-SINGLE
P-1-A236B302,PRIME,PALLET-SINGLE
P-1-A230B471,PRIME,PALLET-SINGLE
P-1-A217B310,PRIME,PALLET-SINGLE
P-1-A235B322,PRIME,PALLET-SINGLE
P-1-F202A500,PRIME_PUTBACK,PALLET-SINGLE
P-1-A237B380,PRIME,PALLET-SINGLE
P-1-A225B363,PRIME,PALLET-SINGLE
P-1-F301A470,PRIME_PUTBACK,PALLET-SINGLE
P-1-A238B403,PRIME,PALLET-SINGLE
P-1-A229B332,PRIME,PALLET-SINGLE
P-1-A221B252,PRIME,PALLET-SINGLE
P-1-A239B491,PRIME,PALLET-SINGLE
P-1-A243A482,DIRECTED_MULTI_ASIN,PALLET-SINGLE
P-1-A242B413,PRIME,PALLET-SINGLE
P-1-A218E421,PRIME,PALLET-SINGLE
P-1-A236C490,PRIME,PALLET-SINGLE
P-1-A218E230,PRIME,PALLET-SINGLE
P-1-A238B483,PRIME,PALLET-SINGLE
P-1-A222B412,PRIME,PALLET-SINGLE
P-1-A229B500,PRIME,PALLET-SINGLE
P-1-A233B262,PRIME,PALLET-SINGLE
P-1-A239B411,PRIME,PALLET-SINGLE
P-1-A234B391,PRIME,PALLET-SINGLE
P-1-A217G303,PRIME,PALLET-SINGLE
P-1-A218E420,PRIME,PALLET-SINGLE
P-1-A228B421,PRIME,PALLET-SINGLE
P-1-A220B411,PRIME,PALLET-SINGLE
P-1-A226B401,PRIME,PALLET-SINGLE
P-1-F301A260,PRIME_PUTBACK,PALLET-SINGLE
P-1-A221B320,PRIME,PALLET-SINGLE
P-1-A238B500,PRIME,PALLET-SINGLE
P-1-A247B470,PRIME,PALLET-SINGLE
P-1-A236B433,PRIME,PALLET-SINGLE
P-1-A235B430,PRIME,PALLET-SINGLE
P-1-A231B482,PRIME,PALLET-SINGLE
P-1-F202A370,PRIME_PUTBACK,PALLET-SINGLE
P-1-A228B392,PRIME,PALLET-SINGLE
P-1-A229B331,PRIME,PALLET-SINGLE
P-1-A221B431,PRIME,PALLET-SINGLE
P-1-A234B392,PRIME,PALLET-SINGLE
P-1-A235B323,PRIME,PALLET-SINGLE
P-1-A236E481,PRIME,PALLET-SINGLE
P-1-A218E323,PRIME,PALLET-SINGLE
P-1-A229B431,PRIME,PALLET-SINGLE
P-5-B250A266,RANDOM_STOW,PALLET-SINGLE
P-1-A221B473,PRIME,PALLET-SINGLE
P-1-A218F232,PRIME,PALLET-SINGLE
P-1-A229B390,PRIME,PALLET-SINGLE
P-1-A232F400,PRIME,PALLET-SINGLE
P-1-A230B462,PRIME,PALLET-SINGLE
P-1-A227B480,PRIME,PALLET-SINGLE
P-1-A218F243,PRIME,PALLET-SINGLE
P-1-A217C312,PRIME,PALLET-SINGLE
P-1-A229B391,PRIME,PALLET-SINGLE
P-1-A236E491,PRIME,PALLET-SINGLE
P-1-A236A493,DIRECTED_MULTI_ASIN,PALLET-SINGLE
P-1-A244G352,PRIME,PALLET-SINGLE
P-1-A227B371,PRIME,PALLET-SINGLE
P-1-A243G482,PRIME,PALLET-SINGLE
P-1-A222B371,PRIME,PALLET-SINGLE
P-1-A215B273,DIRECTED_MULTI_ASIN,PALLET-SINGLE
P-1-A242B402,PRIME,PALLET-SINGLE
P-1-A218G420,PRIME,PALLET-SINGLE
P-1-F302A130,PRIME_PUTBACK,PALLET-SINGLE
P-1-A226B330,PRIME,PALLET-SINGLE
P-1-A237B363,PRIME,PALLET-SINGLE
P-1-F310A250,PRIME_PUTBACK,PALLET-SINGLE
P-1-A239B481,PRIME,PALLET-SINGLE
P-1-A222B433,PRIME,PALLET-SINGLE
P-1-A236E492,PRIME,PALLET-SINGLE
P-1-A237B352,PRIME,PALLET-SINGLE
P-1-A218F233,PRIME,PALLET-SINGLE
P-1-A222B420,PRIME,PALLET-SINGLE
P-1-A228B341,PRIME,PALLET-SINGLE
P-1-A221B302,PRIME,PALLET-SINGLE
P-1-A228B432,PRIME,PALLET-SINGLE
P-1-A218E231,PRIME,PALLET-SINGLE
P-1-A228B400,PRIME,PALLET-SINGLE
P-1-A243B370,PRIME,PALLET-SINGLE
P-1-A236D482,PRIME,PALLET-SINGLE
P-1-A242B480,PRIME,PALLET-SINGLE
P-1-A232B272,PRIME,PALLET-SINGLE
P-1-A221B312,PRIME,PALLET-SINGLE
P-1-A246B381,PRIME,PALLET-SINGLE
P-1-A218F431,PRIME,PALLET-SINGLE
P-1-A217C272,PRIME,PALLET-SINGLE
P-1-A217E443,PRIME,PALLET-SINGLE
P-1-F301A410,PRIME_PUTBACK,PALLET-SINGLE
P-1-A217C371,PRIME,PALLET-SINGLE
P-1-A236F493,PRIME,PALLET-SINGLE
P-1-A223B351,PRIME,PALLET-SINGLE
P-1-A221B282,PRIME,PALLET-SINGLE
P-1-A216B231,PRIME,PALLET-SINGLE
P-1-A214B273,DIRECTED_MULTI_ASIN,PALLET-SINGLE
P-1-A217G402,PRIME,PALLET-SINGLE
P-1-A238B390,PRIME,PALLET-SINGLE
P-1-A238B362,PRIME,PALLET-SINGLE
P-1-A243G481,PRIME,PALLET-SINGLE
P-1-A218F240,PRIME,PALLET-SINGLE
P-1-A227B392,PRIME,PALLET-SINGLE
P-1-A236B463,PRIME,PALLET-SINGLE
P-1-A229B423,PRIME,PALLET-SINGLE
P-1-A223B380,PRIME,PALLET-SINGLE
P-1-A228A330,DIRECTED_MULTI_ASIN,PALLET-SINGLE
P-1-A236E493,PRIME,PALLET-SINGLE
P-1-A218E373,PRIME,PALLET-SINGLE
P-1-A217E483,PRIME,PALLET-SINGLE
P-1-A236B460,PRIME,PALLET-SINGLE
P-1-F205A410,PRIME_PUTBACK,PALLET-SINGLE
P-1-A247B431,PRIME,PALLET-SINGLE
P-1-A218G433,PRIME,PALLET-SINGLE
P-1-A217E330,PRIME,PALLET-SINGLE
P-5-C401A370,RANDOM_STOW,PALLET-SINGLE
P-1-A228B340,PRIME,PALLET-SINGLE
P-1-A220A410,DIRECTED_MULTI_ASIN,PALLET-SINGLE
P-1-A227B401,PRIME,PALLET-SINGLE
P-1-A236F482,PRIME,PALLET-SINGLE
P-1-A246B253,PRIME,PALLET-SINGLE
P-1-A229B432,PRIME,PALLET-SINGLE
P-1-A239B313,PRIME,PALLET-SINGLE
P-1-A235B342,PRIME,PALLET-SINGLE
P-1-A235B383,PRIME,PALLET-SINGLE
P-1-A217E382,PRIME,PALLET-SINGLE
P-1-A220A351,DIRECTED_MULTI_ASIN,PALLET-SINGLE
P-1-A221B430,PRIME,PALLET-SINGLE
P-1-A230B352,PRIME,PALLET-SINGLE
P-1-A247B423,PRIME,PALLET-SINGLE
P-1-A246B362,PRIME,PALLET-SINGLE
P-1-A221B472,PRIME,PALLET-SINGLE
P-1-F202A520,PRIME,PALLET-SINGLE
P-1-A218G411,PRIME,PALLET-SINGLE
P-1-A238B391,PRIME,PALLET-SINGLE
P-1-F201A480,PRIME_PUTBACK,PALLET-SINGLE
P-1-A228B473,PRIME,PALLET-SINGLE
P-1-A250B452,PRIME,PALLET-SINGLE
P-1-A235B433,PRIME,PALLET-SINGLE
P-5-C401A260,RANDOM_STOW,PALLET-SINGLE
P-1-A218E473,PRIME,PALLET-SINGLE
P-1-A217B290,PRIME,PALLET-SINGLE
P-1-A222B400,PRIME,PALLET-SINGLE
P-1-A218G460,PRIME,PALLET-SINGLE
P-1-A237B443,PRIME,PALLET-SINGLE
P-1-A246B460,PRIME,PALLET-SINGLE
P-1-A229B212,PRIME,PALLET-SINGLE
P-1-A242B500,PRIME,PALLET-SINGLE
P-1-F300A290,PRIME_PUTBACK,PALLET-SINGLE
P-1-A235B401,PRIME,PALLET-SINGLE
P-1-A218G230,PRIME,PALLET-SINGLE
P-1-A230B392,PRIME,PALLET-SINGLE
P-1-A221B241,PRIME,PALLET-SINGLE
P-1-A217C311,PRIME,PALLET-SINGLE
P-1-A217E392,PRIME,PALLET-SINGLE
P-1-A236B340,PRIME,PALLET-SINGLE
P-1-A229B363,PRIME,PALLET-SINGLE
P-1-A235B330,PRIME,PALLET-SINGLE
P-1-A218F291,PRIME,PALLET-SINGLE
P-5-C211A666,RANDOM_STOW,PALLET-SINGLE
P-1-A236B333,PRIME,PALLET-SINGLE
P-1-F205A370,PRIME_PUTBACK,PALLET-SINGLE
P-5-C250A524,RANDOM_STOW,PALLET-SINGLE
P-1-A217F383,PRIME,PALLET-SINGLE
P-1-A223B381,PRIME,PALLET-SINGLE
P-1-A221B400,PRIME,PALLET-SINGLE
P-1-A229B320,PRIME,PALLET-SINGLE
P-1-A218F432,PRIME,PALLET-SINGLE
P-5-C188A358,RANDOM_STOW,PALLET-SINGLE
P-1-A222B353,PRIME,PALLET-SINGLE
P-1-A217F311,PRIME,PALLET-SINGLE
P-1-A249B363,PRIME,PALLET-SINGLE
P-1-A221B461,PRIME,PALLET-SINGLE
P-1-A218G410,PRIME,PALLET-SINGLE
P-1-A234B372,PRIME,PALLET-SINGLE
P-1-A230B492,PRIME,PALLET-SINGLE
P-5-C283A478,RANDOM_STOW,PALLET-SINGLE
P-1-A235B470,PRIME,PALLET-SINGLE
P-1-A218E412,PRIME,PALLET-SINGLE
P-1-A236B331,PRIME,PALLET-SINGLE
P-1-A229B441,PRIME,PALLET-SINGLE
P-1-A231B472,PRIME,PALLET-SINGLE
P-1-A248B362,PRIME,PALLET-SINGLE
P-5-C283A562,RANDOM_STOW,PALLET-SINGLE
P-1-A232E400,PRIME,PALLET-SINGLE
P-1-A218D243,PRIME,PALLET-SINGLE
P-1-A235B370,PRIME,PALLET-SINGLE
P-1-A217C492,PRIME,PALLET-SINGLE
P-1-A217F450,PRIME,PALLET-SINGLE
P-1-A239B312,PRIME,PALLET-SINGLE
P-1-A231B401,PRIME,PALLET-SINGLE
P-1-A232B363,PRIME,PALLET-SINGLE
P-1-A236B370,PRIME,PALLET-SINGLE
P-1-A231B433,PRIME,PALLET-SINGLE
P-1-A217F351,PRIME,PALLET-SINGLE
P-1-A223B353,PRIME,PALLET-SINGLE
P-1-A242B433,PRIME,PALLET-SINGLE
P-5-C286A484,RANDOM_STOW,PALLET-SINGLE
P-1-A237B373,PRIME,PALLET-SINGLE
P-1-A243B392,PRIME,PALLET-SINGLE
P-1-A227B423,PRIME,PALLET-SINGLE
P-1-A231B453,PRIME,PALLET-SINGLE
P-1-A222B452,PRIME,PALLET-SINGLE
P-1-A221B272,PRIME,PALLET-SINGLE
P-1-A227B400,PRIME,PALLET-SINGLE
P-1-A235B382,PRIME,PALLET-SINGLE
P-1-A238B433,PRIME,PALLET-SINGLE
P-1-F201A510,PRIME_PUTBACK,PALLET-SINGLE
P-1-A218E432,PRIME,PALLET-SINGLE
P-1-A236G482,PRIME,PALLET-SINGLE
P-1-A222B321,PRIME,PALLET-SINGLE
P-1-A224B363,PRIME,PALLET-SINGLE
P-1-A234B292,PRIME,PALLET-SINGLE
P-1-A237B411,PRIME,PALLET-SINGLE
P-1-A243E483,PRIME,PALLET-SINGLE
P-1-A234B411,PRIME,PALLET-SINGLE
P-1-A250B453,PRIME,PALLET-SINGLE
P-1-A236D490,PRIME,PALLET-SINGLE
P-1-A230B390,PRIME,PALLET-SINGLE
P-5-C325A564,RANDOM_STOW,PALLET-SINGLE
P-1-A238B401,PRIME,PALLET-SINGLE
P-1-A229B460,PRIME,PALLET-SINGLE
P-1-A227B393,PRIME,PALLET-SINGLE
P-1-A231B422,PRIME,PALLET-SINGLE
P-1-A240B453,PRIME,PALLET-SINGLE
P-1-A222B462,PRIME,PALLET-SINGLE
P-1-A229B442,PRIME,PALLET-SINGLE
P-1-A239B492,PRIME,PALLET-SINGLE
P-1-F300A360,PRIME_PUTBACK,PALLET-SINGLE
P-1-A226B403,PRIME,PALLET-SINGLE
P-1-A236B300,PRIME,PALLET-SINGLE
P-1-A217F433,PRIME,PALLET-SINGLE
P-1-A237B472,PRIME,PALLET-SINGLE
P-1-A218F241,PRIME,PALLET-SINGLE
P-1-A230B460,PRIME,PALLET-SINGLE
P-1-A236B310,PRIME,PALLET-SINGLE
P-5-C214A656,RANDOM_STOW,PALLET-SINGLE
P-1-A238B302,PRIME,PALLET-SINGLE
P-1-A218G240,PRIME,PALLET-SINGLE
P-1-F200A320,PRIME_PUTBACK,PALLET-SINGLE
P-1-A238B481,PRIME,PALLET-SINGLE
P-1-A230B453,PRIME,PALLET-SINGLE
P-1-A240B452,PRIME,PALLET-SINGLE
P-1-A218F420,PRIME,PALLET-SINGLE
P-1-A236B343,PRIME,PALLET-SINGLE
P-1-A236G483,PRIME,PALLET-SINGLE
P-1-A223B411,PRIME,PALLET-SINGLE
P-5-C247A540,RANDOM_STOW,PALLET-SINGLE
P-1-A220B410,PRIME,PALLET-SINGLE
P-1-A229B383,PRIME,PALLET-SINGLE
P-1-A243B483,PRIME,PALLET-SINGLE
P-1-A230B322,PRIME,PALLET-SINGLE
P-1-A217F352,PRIME,PALLET-SINGLE
P-1-A235B343,PRIME,PALLET-SINGLE
P-1-A236B493,PRIME,PALLET-SINGLE
P-1-A235B313,PRIME,PALLET-SINGLE
P-1-A238B440,PRIME,PALLET-SINGLE
P-5-B286A296,RANDOM_STOW,PALLET-SINGLE
P-1-A217G313,PRIME,PALLET-SINGLE
P-1-A232B362,PRIME,PALLET-SINGLE
P-5-C402A470,RANDOM_STOW,PALLET-SINGLE
P-1-A237B312,PRIME,PALLET-SINGLE
P-1-A217D342,PRIME,PALLET-SINGLE
P-1-A238B423,PRIME,PALLET-SINGLE
P-1-A229B231,PRIME,PALLET-SINGLE
P-1-B247A380,PRIME_PUTBACK,PALLET-SINGLE
P-1-A220B280,PRIME,PALLET-SINGLE
P-1-A237B423,PRIME,PALLET-SINGLE
P-1-A228B441,PRIME,PALLET-SINGLE
P-1-A233B363,PRIME,PALLET-SINGLE
P-1-A247B412,PRIME,PALLET-SINGLE
P-1-A217F480,PRIME,PALLET-SINGLE
P-1-A234B472,PRIME,PALLET-SINGLE
P-1-A236B501,PRIME,PALLET-SINGLE
P-1-A218C290,PRIME,PALLET-SINGLE
P-1-A218E340,PRIME,PALLET-SINGLE
P-1-A226B411,PRIME,PALLET-SINGLE
P-1-A222B312,PRIME,PALLET-SINGLE
P-1-A227B433,PRIME,PALLET-SINGLE
P-1-A217C413,PRIME,PALLET-SINGLE
P-1-A228B381,PRIME,PALLET-SINGLE
P-1-A218E431,PRIME,PALLET-SINGLE
P-5-C188A460,RANDOM_STOW,PALLET-SINGLE
P-1-A218D373,PRIME,PALLET-SINGLE
P-1-F201A430,PRIME_PUTBACK,PALLET-SINGLE
P-1-A233B362,PRIME,PALLET-SINGLE
P-1-A230B391,PRIME,PALLET-SINGLE
P-1-A246B391,PRIME,PALLET-SINGLE
P-1-A236F492,PRIME,PALLET-SINGLE
P-1-A239B390,PRIME,PALLET-SINGLE
P-1-A218C252,PRIME,PALLET-SINGLE
P-1-A220B281,PRIME,PALLET-SINGLE
P-1-A218F422,PRIME,PALLET-SINGLE
P-1-A246B442,PRIME,PALLET-SINGLE
P-1-A237B501,PRIME,PALLET-SINGLE
P-1-A222A461,DIRECTED_MULTI_ASIN,PALLET-SINGLE
P-1-A241B453,PRIME,PALLET-SINGLE
P-1-A218D412,PRIME,PALLET-SINGLE
P-1-A231B330,PRIME,PALLET-SINGLE
P-1-A218G391,PRIME,PALLET-SINGLE
P-1-A218C393,PRIME,PALLET-SINGLE
P-1-A218G431,PRIME,PALLET-SINGLE
P-1-A222B392,PRIME,PALLET-SINGLE
P-1-A242B440,PRIME,PALLET-SINGLE
P-1-A218D230,PRIME,PALLET-SINGLE
P-1-A231B393,PRIME,PALLET-SINGLE
P-1-A229B371,PRIME,PALLET-SINGLE
P-1-A223B462,PRIME,PALLET-SINGLE
P-1-A236B391,PRIME,PALLET-SINGLE
P-5-C325A670,RANDOM_STOW,PALLET-SINGLE
P-1-A236A483,DIRECTED_MULTI_ASIN,PALLET-SINGLE
P-1-A222B380,PRIME,PALLET-SINGLE
P-1-A236B492,PRIME,PALLET-SINGLE
P-1-A217D353,PRIME,PALLET-SINGLE
P-1-A218D280,PRIME,PALLET-SINGLE
P-1-A231B481,PRIME,PALLET-SINGLE
P-1-A220B402,PRIME,PALLET-SINGLE
P-1-A217F300,PRIME,PALLET-SINGLE
P-1-A217B281,PRIME,PALLET-SINGLE
P-5-C401A420,RANDOM_STOW,PALLET-SINGLE
P-1-A217F481,PRIME,PALLET-SINGLE
P-1-A221B403,PRIME,PALLET-SINGLE
P-1-A237B350,PRIME,PALLET-SINGLE
P-1-A242B421,PRIME,PALLET-SINGLE
P-1-A242B383,PRIME,PALLET-SINGLE
P-1-A222B383,PRIME,PALLET-SINGLE
P-1-A232F393,PRIME,PALLET-SINGLE
P-1-A222B432,PRIME,PALLET-SINGLE
P-1-A238B490,PRIME,PALLET-SINGLE
P-5-B295A256,RANDOM_STOW,PALLET-SINGLE
P-1-A228A441,DIRECTED_MULTI_ASIN,PALLET-SINGLE
P-1-A228B483,PRIME,PALLET-SINGLE
P-1-A247B400,PRIME,PALLET-SINGLE
P-1-A221F363,PRIME,PALLET-SINGLE
P-1-A236B420,PRIME,PALLET-SINGLE
P-1-F300A350,PRIME_PUTBACK,PALLET-SINGLE
P-1-A223F451,PRIME,PALLET-SINGLE
P-1-A229B330,PRIME,PALLET-SINGLE
P-1-A238B333,PRIME,PALLET-SINGLE
P-1-A235B301,PRIME,PALLET-SINGLE
P-1-A236E482,PRIME,PALLET-SINGLE
P-1-A217F382,PRIME,PALLET-SINGLE
P-1-A218C370,PRIME,PALLET-SINGLE
P-1-A229F471,PRIME,PALLET-SINGLE
P-1-A236B480,PRIME,PALLET-SINGLE
P-5-C185A252,RANDOM_STOW,PALLET-SINGLE
P-1-A230B370,PRIME,PALLET-SINGLE
P-1-A239B470,PRIME,PALLET-SINGLE
P-1-A230B403,PRIME,PALLET-SINGLE
P-1-A217E352,PRIME,PALLET-SINGLE
P-1-A245B363,PRIME,PALLET-SINGLE
P-5-B214A218,RANDOM_STOW,PALLET-SINGLE
P-1-A236C493,PRIME,PALLET-SINGLE
P-1-A217G482,PRIME,PALLET-SINGLE
P-1-A239B501,PRIME,PALLET-SINGLE
P-1-A250B363,PRIME,PALLET-SINGLE
P-1-A217C340,PRIME,PALLET-SINGLE
P-1-A218G352,PRIME,PALLET-SINGLE
P-1-A218F411,PRIME,PALLET-SINGLE
P-1-A245E303,PRIME,PALLET-SINGLE
P-1-A237B432,PRIME,PALLET-SINGLE
P-1-A219A313,DIRECTED_MULTI_ASIN,PALLET-SINGLE
P-1-A221B301,PRIME,PALLET-SINGLE
P-1-A223B261,PRIME,PALLET-SINGLE
P-1-A221B322,PRIME,PALLET-SINGLE
P-1-A234B480,PRIME,PALLET-SINGLE
P-1-A217E480,PRIME,PALLET-SINGLE
P-1-A231B320,PRIME,PALLET-SINGLE
P-1-A229B493,PRIME,PALLET-SINGLE
P-1-A236B401,PRIME,PALLET-SINGLE
P-1-A229B353,PRIME,PALLET-SINGLE
P-1-A239B412,PRIME,PALLET-SINGLE
P-1-A220A280,DIRECTED_MULTI_ASIN,PALLET-SINGLE
P-1-A236F491,PRIME,PALLET-SINGLE
P-1-A247B403,PRIME,PALLET-SINGLE
P-1-A229B410,PRIME,PALLET-SINGLE
P-1-A230B490,PRIME,PALLET-SINGLE
P-1-A218D393,PRIME,PALLET-SINGLE
P-1-A221B392,PRIME,PALLET-SINGLE
P-1-A236A490,DIRECTED_MULTI_ASIN,PALLET-SINGLE
P-1-A227B453,PRIME,PALLET-SINGLE
P-1-A246B250,PRIME,PALLET-SINGLE
P-1-A216A231,DIRECTED_MULTI_ASIN,PALLET-SINGLE
P-1-A241B272,PRIME,PALLET-SINGLE
P-1-A217F242,PRIME,PALLET-SINGLE
P-1-A246B430,PRIME,PALLET-SINGLE
P-1-F201A470,PRIME_PUTBACK,PALLET-SINGLE
P-1-A217D432,PRIME,PALLET-SINGLE
P-1-F204A480,PRIME_PUTBACK,PALLET-SINGLE
P-1-A237B343,PRIME,PALLET-SINGLE
P-1-A217G341,PRIME,PALLET-SINGLE
P-1-A217D322,PRIME,PALLET-SINGLE
P-1-A217F341,PRIME,PALLET-SINGLE
P-1-A222B311,PRIME,PALLET-SINGLE
P-1-A216A233,DIRECTED_MULTI_ASIN,PALLET-SINGLE
P-1-A227B471,PRIME,PALLET-SINGLE
P-1-A222B352,PRIME,PALLET-SINGLE
P-1-A218G372,PRIME,PALLET-SINGLE
P-1-A232F420,PRIME,PALLET-SINGLE
P-1-A236B413,PRIME,PALLET-SINGLE
P-1-A230B343,PRIME,PALLET-SINGLE
P-1-A221B421,PRIME,PALLET-SINGLE
P-1-A224B362,PRIME,PALLET-SINGLE
P-1-A213F231,DIRECTED_MULTI_ASIN,PALLET-SINGLE
P-1-A216A232,DIRECTED_MULTI_ASIN,PALLET-SINGLE
P-1-A217D382,PRIME,PALLET-SINGLE
P-1-A218G360,PRIME,PALLET-SINGLE
P-1-A247B272,PRIME,PALLET-SINGLE
P-1-A242B380,PRIME,PALLET-SINGLE
P-1-A222B470,PRIME,PALLET-SINGLE
P-1-A239B393,PRIME,PALLET-SINGLE
P-1-A236B392,PRIME,PALLET-SINGLE
P-1-A228B481,PRIME,PALLET-SINGLE
P-1-A236A491,DIRECTED_MULTI_ASIN,PALLET-SINGLE
P-1-A217E440,PRIME,PALLET-SINGLE
P-5-B211A274,RANDOM_STOW,PALLET-SINGLE
P-1-A221B493,PRIME,PALLET-SINGLE
P-1-A217E332,PRIME,PALLET-SINGLE
P-1-A218E223,PRIME,PALLET-SINGLE
P-1-A238B493,PRIME,PALLET-SINGLE
P-1-A220B442,PRIME,PALLET-SINGLE
P-1-A227B452,PRIME,PALLET-SINGLE
P-1-A231B421,PRIME,PALLET-SINGLE
P-1-A242B501,PRIME,PALLET-SINGLE
P-1-A230B412,PRIME,PALLET-SINGLE
P-1-A235B483,PRIME,PALLET-SINGLE
P-1-A221B402,PRIME,PALLET-SINGLE
P-1-A242B382,PRIME,PALLET-SINGLE
P-1-A218G292,PRIME,PALLET-SINGLE
P-1-A230B382,PRIME,PALLET-SINGLE
P-1-A236C492,PRIME,PALLET-SINGLE
P-1-A217G410,PRIME,PALLET-SINGLE
P-1-A217F342,PRIME,PALLET-SINGLE
P-1-A217F303,PRIME,PALLET-SINGLE
P-1-A235B461,PRIME,PALLET-SINGLE
P-1-A222B421,PRIME,PALLET-SINGLE
P-1-A218D451,PRIME,PALLET-SINGLE
P-1-A228B390,PRIME,PALLET-SINGLE
P-1-A223B350,PRIME,PALLET-SINGLE
P-1-A243E481,PRIME,PALLET-SINGLE
P-1-A218C433,PRIME,PALLET-SINGLE
P-1-A230B353,PRIME,PALLET-SINGLE
P-1-A218F373,PRIME,PALLET-SINGLE
P-1-A235B390,PRIME,PALLET-SINGLE
P-5-C400A430,RANDOM_STOW,PALLET-SINGLE
P-1-A217E493,PRIME,PALLET-SINGLE
P-1-A218E371,PRIME,PALLET-SINGLE
P-1-A221B471,PRIME,PALLET-SINGLE
P-1-A221B283,PRIME,PALLET-SINGLE
P-1-A217G361,PRIME,PALLET-SINGLE
P-1-A243B480,PRIME,PALLET-SINGLE
P-1-A227B492,PRIME,PALLET-SINGLE
P-1-A243B482,PRIME,PALLET-SINGLE
P-1-A218E241,PRIME,PALLET-SINGLE
P-1-A218G491,PRIME,PALLET-SINGLE
P-1-A219B272,PRIME,PALLET-SINGLE
P-1-A230B300,PRIME,PALLET-SINGLE
P-1-A234B463,PRIME,PALLET-SINGLE
P-1-A230B410,PRIME,PALLET-SINGLE
P-1-A222B401,PRIME,PALLET-SINGLE
P-1-A238B363,PRIME,PALLET-SINGLE
P-1-A234B381,PRIME,PALLET-SINGLE
P-1-A231G412,PRIME,PALLET-SINGLE
P-1-A238B340,PRIME,PALLET-SINGLE
P-1-A218D372,PRIME,PALLET-SINGLE
P-1-A237B223,PRIME,PALLET-SINGLE
P-1-A237B442,PRIME,PALLET-SINGLE
P-1-A235B493,PRIME,PALLET-SINGLE
P-1-A220B412,PRIME,PALLET-SINGLE
P-1-A237B342,PRIME,PALLET-SINGLE
P-1-A226B400,PRIME,PALLET-SINGLE
P-1-A229B411,PRIME,PALLET-SINGLE
P-1-A218F433,PRIME,PALLET-SINGLE
P-1-A221B351,PRIME,PALLET-SINGLE
P-1-A228B452,PRIME,PALLET-SINGLE
P-1-A243B493,PRIME,PALLET-SINGLE
P-1-A227B461,PRIME,PALLET-SINGLE
P-1-A239B403,PRIME,PALLET-SINGLE
P-1-A229B492,PRIME,PALLET-SINGLE
P-1-A231B440,PRIME,PALLET-SINGLE
P-1-A235B421,PRIME,PALLET-SINGLE
P-1-A247B383,PRIME,PALLET-SINGLE
P-1-A238B313,PRIME,PALLET-SINGLE
P-1-A217D381,PRIME,PALLET-SINGLE
P-1-A228B463,PRIME,PALLET-SINGLE
P-1-A230B463,PRIME,PALLET-SINGLE
P-1-A222G461,PRIME,PALLET-SINGLE
P-1-A237B340,PRIME,PALLET-SINGLE
P-1-A228B472,PRIME,PALLET-SINGLE
P-1-A230B371,PRIME,PALLET-SINGLE
P-1-A245B273,PRIME,PALLET-SINGLE
P-1-A243D482,PRIME,PALLET-SINGLE
P-1-A221B432,PRIME,PALLET-SINGLE
P-1-A242B473,PRIME,PALLET-SINGLE
P-1-A222B460,PRIME,PALLET-SINGLE
P-1-A234B341,PRIME,PALLET-SINGLE
P-1-A242B460,PRIME,PALLET-SINGLE
P-1-A218C323,PRIME,PALLET-SINGLE
P-1-A247B390,PRIME,PALLET-SINGLE
P-1-A217G201,PRIME,PALLET-SINGLE
P-1-A217G443,PRIME,PALLET-SINGLE
P-1-A236C483,PRIME,PALLET-SINGLE
P-1-A236F490,PRIME,PALLET-SINGLE
P-1-A229B430,PRIME,PALLET-SINGLE
P-1-A217D363,PRIME,PALLET-SINGLE
P-1-A219A492,PRIME,PALLET-SINGLE
P-1-A231B291,PRIME,PALLET-SINGLE
P-1-F302A105,PRIME_PUTBACK,PALLET-SINGLE
P-1-A218G243,PRIME,PALLET-SINGLE
P-1-A214B272,DIRECTED_MULTI_ASIN,PALLET-SINGLE
P-1-A244B362,PRIME,PALLET-SINGLE
P-1-A217D473,PRIME,PALLET-SINGLE
P-1-A217E343,PRIME,PALLET-SINGLE
P-1-A221G243,PRIME,PALLET-SINGLE
P-1-A227B441,PRIME,PALLET-SINGLE
P-1-A243A480,DIRECTED_MULTI_ASIN,PALLET-SINGLE
P-1-A227B292,PRIME,PALLET-SINGLE
P-1-A239B483,PRIME,PALLET-SINGLE
P-1-A243C480,PRIME,PALLET-SINGLE
P-1-A223B302,PRIME,PALLET-SINGLE
P-1-A231B323,PRIME,PALLET-SINGLE
P-1-A225G413,PRIME,PALLET-SINGLE
P-1-A230B472,PRIME,PALLET-SINGLE
P-5-C286A562,RANDOM_STOW,PALLET-SINGLE
P-1-A218C431,PRIME,PALLET-SINGLE
P-1-A237B331,PRIME,PALLET-SINGLE
P-1-A246B363,PRIME,PALLET-SINGLE
P-1-A236G493,PRIME,PALLET-SINGLE
P-1-A237B332,PRIME,PALLET-SINGLE
P-1-A226B241,PRIME,PALLET-SINGLE
P-1-A221B460,PRIME,PALLET-SINGLE
P-1-A234B473,PRIME,PALLET-SINGLE
P-1-A217G490,PRIME,PALLET-SINGLE
P-1-A219B452,PRIME,PALLET-SINGLE
P-1-A226B412,PRIME,PALLET-SINGLE
P-1-A217D452,PRIME,PALLET-SINGLE
P-1-A218F370,PRIME,PALLET-SINGLE
P-1-A243B310,PRIME,PALLET-SINGLE
P-1-F201A420,PRIME_PUTBACK,PALLET-SINGLE
P-1-A229B420,PRIME,PALLET-SINGLE
P-1-A218G373,PRIME,PALLET-SINGLE
P-1-A229B402,PRIME,PALLET-SINGLE
P-1-A228B393,PRIME,PALLET-SINGLE
P-1-A217B400,PRIME,PALLET-SINGLE
P-1-A235B480,PRIME,PALLET-SINGLE
P-1-A238B410,PRIME,PALLET-SINGLE
P-1-A242B431,PRIME,PALLET-SINGLE
P-1-A230G483,PRIME,PALLET-SINGLE
P-1-A210B272,DIRECTED_MULTI_ASIN,PALLET-SINGLE
P-1-A238B292,PRIME,PALLET-SINGLE
P-1-A221B331,PRIME,PALLET-SINGLE
P-1-A218C312,PRIME,PALLET-SINGLE
P-5-B295A220,RANDOM_STOW,PALLET-SINGLE
P-1-A239B383,PRIME,PALLET-SINGLE
P-1-A220B413,PRIME,PALLET-SINGLE
P-1-A236B323,PRIME,PALLET-SINGLE
P-1-F301A230,PRIME_PUTBACK,PALLET-SINGLE
P-1-A218D311,PRIME,PALLET-SINGLE
P-1-A242B461,PRIME,PALLET-SINGLE
P-1-A237B391,PRIME,PALLET-SINGLE
P-1-A218D411,PRIME,PALLET-SINGLE
P-1-A227B391,PRIME,PALLET-SINGLE
P-1-A222B472,PRIME,PALLET-SINGLE
P-1-A218E372,PRIME,PALLET-SINGLE
P-1-A246B463,PRIME,PALLET-SINGLE
P-1-A237B393,PRIME,PALLET-SINGLE
P-1-A227B430,PRIME,PALLET-SINGLE
P-1-A230A330,DIRECTED_MULTI_ASIN,PALLET-SINGLE
P-1-A218F452,PRIME,PALLET-SINGLE
P-1-A236B482,PRIME,PALLET-SINGLE
P-1-A238B382,PRIME,PALLET-SINGLE
P-1-A236C482,PRIME,PALLET-SINGLE
P-1-A218C422,PRIME,PALLET-SINGLE
P-1-A223B382,PRIME,PALLET-SINGLE
P-1-A222B431,PRIME,PALLET-SINGLE
P-1-A230B401,PRIME,PALLET-SINGLE
P-1-A237B281,PRIME,PALLET-SINGLE
P-1-A236B442,PRIME,PALLET-SINGLE
P-1-A228B453,PRIME,PALLET-SINGLE
P-1-A233B261,PRIME,PALLET-SINGLE
P-1-A236B352,PRIME,PALLET-SINGLE
P-1-A218G482,PRIME,PALLET-SINGLE
P-1-A243A481,DIRECTED_MULTI_ASIN,PALLET-SINGLE
P-1-F201A220,PRIME_PUTBACK,PALLET-SINGLE
P-5-C214A530,RANDOM_STOW,PALLET-SINGLE
P-1-A218F472,PRIME,PALLET-SINGLE
P-1-A238B400,PRIME,PALLET-SINGLE
P-1-A227B411,PRIME,PALLET-SINGLE
P-1-A226B310,PRIME,PALLET-SINGLE
P-1-F206A490,PRIME_PUTBACK,PALLET-SINGLE
P-1-A217F331,PRIME,PALLET-SINGLE
P-1-A223B393,PRIME,PALLET-SINGLE
P-1-A238B380,PRIME,PALLET-SINGLE
P-1-A223B362,PRIME,PALLET-SINGLE
P-1-A217F323,PRIME,PALLET-SINGLE
P-1-A238B373,PRIME,PALLET-SINGLE
P-1-A220A330,DIRECTED_MULTI_ASIN,PALLET-SINGLE
P-1-A235B351,PRIME,PALLET-SINGLE
P-1-A218G370,PRIME,PALLET-SINGLE
P-1-A244B453,PRIME,PALLET-SINGLE
P-1-A218G233,PRIME,PALLET-SINGLE
P-1-A237B300,PRIME,PALLET-SINGLE
P-1-A220C450,PRIME,PALLET-SINGLE
P-1-A243B381,PRIME,PALLET-SINGLE
P-1-A244B363,PRIME,PALLET-SINGLE
P-1-A237B431,PRIME,PALLET-SINGLE
P-1-A221B470,PRIME,PALLET-SINGLE
P-1-A219B453,PRIME,PALLET-SINGLE
P-1-A226B370,PRIME,PALLET-SINGLE
P-1-A218G283,PRIME,PALLET-SINGLE
P-1-A217E442,PRIME,PALLET-SINGLE
P-1-A230B452,PRIME,PALLET-SINGLE
P-1-A237B400,PRIME,PALLET-SINGLE
P-1-A245B453,PRIME,PALLET-SINGLE
P-1-A249B452,PRIME,PALLET-SINGLE
P-1-A236A492,DIRECTED_MULTI_ASIN,PALLET-SINGLE
P-1-A217E413,PRIME,PALLET-SINGLE
P-1-A220B462,PRIME,PALLET-SINGLE
P-1-A236B453,PRIME,PALLET-SINGLE
P-1-A221B462,PRIME,PALLET-SINGLE
P-1-A211B272,DIRECTED_MULTI_ASIN,PALLET-SINGLE
P-1-A237B372,PRIME,PALLET-SINGLE
P-1-A235B413,PRIME,PALLET-SINGLE
P-1-A210G220,DIRECTED_MULTI_ASIN,PALLET-SINGLE
P-1-A231B390,PRIME,PALLET-SINGLE
P-1-A238B432,PRIME,PALLET-SINGLE
P-1-A246B402,PRIME,PALLET-SINGLE
P-1-A246B412,PRIME,PALLET-SINGLE
P-1-A235B443,PRIME,PALLET-SINGLE
P-1-A221B310,PRIME,PALLET-SINGLE
P-1-F201A450,PRIME_PUTBACK,PALLET-SINGLE
P-1-A233B263,PRIME,PALLET-SINGLE
P-1-A238B383,PRIME,PALLET-SINGLE
P-1-A218F423,PRIME,PALLET-SINGLE
P-1-F300A430,PRIME_PUTBACK,PALLET-SINGLE
P-1-A236C491,PRIME,PALLET-SINGLE
P-1-A237B463,PRIME,PALLET-SINGLE
P-1-A235B391,PRIME,PALLET-SINGLE
P-1-A238B392,PRIME,PALLET-SINGLE
P-1-A227B410,PRIME,PALLET-SINGLE
P-1-A247B411,PRIME,PALLET-SINGLE
P-1-A218C410,PRIME,PALLET-SINGLE
P-1-A245G210,PRIME,PALLET-SINGLE
P-1-A237B330,PRIME,PALLET-SINGLE
P-1-A236G490,PRIME,PALLET-SINGLE
P-1-A239B392,PRIME,PALLET-SINGLE
P-1-A237B430,PRIME,PALLET-SINGLE
P-1-A230B431,PRIME,PALLET-SINGLE
P-5-B283A284,RANDOM_STOW,PALLET-SINGLE
P-1-A231B373,PRIME,PALLET-SINGLE
P-1-A210B273,DIRECTED_MULTI_ASIN,PALLET-SINGLE
P-1-A237B502,PRIME,PALLET-SINGLE
P-1-A228B440,PRIME,PALLET-SINGLE
P-1-A238B421,PRIME,PALLET-SINGLE
P-1-A219A443,DIRECTED_MULTI_ASIN,PALLET-SINGLE
P-1-A243B382,PRIME,PALLET-SINGLE
P-1-A230B430,PRIME,PALLET-SINGLE
P-1-A247B401,PRIME,PALLET-SINGLE
P-1-A222B393,PRIME,PALLET-SINGLE
P-1-A237B263,PRIME,PALLET-SINGLE
P-1-A218D270,PRIME,PALLET-SINGLE
P-1-A235B411,PRIME,PALLET-SINGLE
P-1-A235B472,PRIME,PALLET-SINGLE
P-1-A237B341,PRIME,PALLET-SINGLE
P-1-A218D242,PRIME,PALLET-SINGLE
P-1-A218E430,PRIME,PALLET-SINGLE
P-1-A238B443,PRIME,PALLET-SINGLE
P-1-A217E460,PRIME,PALLET-SINGLE
P-1-A221B423,PRIME,PALLET-SINGLE
P-1-A221B490,PRIME,PALLET-SINGLE
P-1-F206A450,PRIME_PUTBACK,PALLET-SINGLE
P-1-A239B493,PRIME,PALLET-SINGLE
P-1-A217D351,PRIME,PALLET-SINGLE
P-5-C185A182,RANDOM_STOW,PALLET-SINGLE
P-1-A228A403,DIRECTED_MULTI_ASIN,PALLET-SINGLE
P-1-A246B353,PRIME,PALLET-SINGLE
P-5-C286A630,RANDOM_STOW,PALLET-SINGLE
P-1-A229B412,PRIME,PALLET-SINGLE
P-1-A246B431,PRIME,PALLET-SINGLE
P-1-A237B321,PRIME,PALLET-SINGLE
P-1-A238B342,PRIME,PALLET-SINGLE
P-1-A227B402,PRIME,PALLET-SINGLE
P-1-A246B280,PRIME,PALLET-SINGLE
P-1-A232B273,PRIME,PALLET-SINGLE
P-5-B250A272,RANDOM_STOW,PALLET-SINGLE
P-1-A217G371,PRIME,PALLET-SINGLE
P-1-A235B460,PRIME,PALLET-SINGLE
P-1-A231B483,PRIME,PALLET-SINGLE
P-1-A240A362,DIRECTED_MULTI_ASIN,PALLET-SINGLE
P-1-A226B463,PRIME,PALLET-SINGLE
P-1-A228B471,PRIME,PALLET-SINGLE
P-1-A230B442,PRIME,PALLET-SINGLE
P-1-A229B473,PRIME,PALLET-SINGLE
P-1-A242B471,PRIME,PALLET-SINGLE
P-1-A230B441,PRIME,PALLET-SINGLE
P-1-A220A411,DIRECTED_MULTI_ASIN,PALLET-SINGLE
P-1-F302A155,PRIME_PUTBACK,PALLET-SINGLE
P-1-A234B400,PRIME,PALLET-SINGLE
P-1-A246B413,PRIME,PALLET-SINGLE
P-1-A218D370,PRIME,PALLET-SINGLE
P-1-A226B481,PRIME,PALLET-SINGLE
P-1-A217B442,PRIME,PALLET-SINGLE
P-1-A221B381,PRIME,PALLET-SINGLE
P-1-A233B453,PRIME,PALLET-SINGLE
P-1-A235B300,PRIME,PALLET-SINGLE
P-1-A237B480,PRIME,PALLET-SINGLE
P-1-A239B473,PRIME,PALLET-SINGLE
P-5-C185A636,RANDOM_STOW,PALLET-SINGLE
P-1-A217G240,PRIME,PALLET-SINGLE
P-1-A246B371,PRIME,PALLET-SINGLE
P-1-A218G232,PRIME,PALLET-SINGLE
P-1-A217C380,PRIME,PALLET-SINGLE
P-1-A217E383,PRIME,PALLET-SINGLE
P-1-A217C353,PRIME,PALLET-SINGLE
P-1-A223A391,DIRECTED_MULTI_ASIN,PALLET-SINGLE
P-1-A229B362,PRIME,PALLET-SINGLE
P-1-A231B370,PRIME,PALLET-SINGLE
P-1-A222B343,PRIME,PALLET-SINGLE
P-1-F300A480,PRIME_PUTBACK,PALLET-SINGLE
P-1-A237B460,PRIME,PALLET-SINGLE
P-1-A238B472,PRIME,PALLET-SINGLE
P-1-A215B272,DIRECTED_MULTI_ASIN,PALLET-SINGLE
P-1-A231B362,PRIME,PALLET-SINGLE
P-1-A229B370,PRIME,PALLET-SINGLE
P-1-A237B420,PRIME,PALLET-SINGLE
P-1-F310A260,PRIME_PUTBACK,PALLET-SINGLE
P-1-A229B341,PRIME,PALLET-SINGLE
P-1-A218F473,PRIME,PALLET-SINGLE
P-1-A220B433,PRIME,PALLET-SINGLE
P-1-A247B421,PRIME,PALLET-SINGLE
P-1-A230B351,PRIME,PALLET-SINGLE
P-1-A229B381,PRIME,PALLET-SINGLE
P-1-A233B452,PRIME,PALLET-SINGLE
P-1-A227B351,PRIME,PALLET-SINGLE
P-1-A222B363,PRIME,PALLET-SINGLE
P-1-A222B411,PRIME,PALLET-SINGLE
P-1-A237A382,DIRECTED_MULTI_ASIN,PALLET-SINGLE
P-1-A217C350,PRIME,PALLET-SINGLE
P-1-A237B433,PRIME,PALLET-SINGLE
P-1-A218F271,PRIME,PALLET-SINGLE
P-1-A231B410,PRIME,PALLET-SINGLE
P-1-A233B272,PRIME,PALLET-SINGLE
P-1-A248B273,PRIME,PALLET-SINGLE
P-1-A221G262,PRIME,PALLET-SINGLE
P-1-A217E323,PRIME,PALLET-SINGLE
P-1-F207A430,PRIME_PUTBACK,PALLET-SINGLE
P-1-A228B402,PRIME,PALLET-SINGLE
P-1-A244A300,DIRECTED_MULTI_ASIN,PALLET-SINGLE
P-1-F300A310,PRIME_PUTBACK,PALLET-SINGLE
P-1-A249B272,PRIME,PALLET-SINGLE
P-1-A231B352,PRIME,PALLET-SINGLE
P-1-A236E490,PRIME,PALLET-SINGLE
P-1-A237B412,PRIME,PALLET-SINGLE
P-1-A229B491,PRIME,PALLET-SINGLE
P-1-A217F501,PRIME,PALLET-SINGLE
P-1-A230B423,PRIME,PALLET-SINGLE
P-1-A237B422,PRIME,PALLET-SINGLE
P-1-A242B443,PRIME,PALLET-SINGLE
P-1-A235B431,PRIME,PALLET-SINGLE
P-1-A222B463,PRIME,PALLET-SINGLE
P-1-A218E422,PRIME,PALLET-SINGLE
P-1-A230A340,DIRECTED_MULTI_ASIN,PALLET-SINGLE
P-1-F301A310,PRIME_PUTBACK,PALLET-SINGLE
P-1-A226B381,PRIME,PALLET-SINGLE
P-5-C283A674,RANDOM_STOW,PALLET-SINGLE
P-1-A217C431,PRIME,PALLET-SINGLE
P-1-A230B480,PRIME,PALLET-SINGLE
P-1-A243D481,PRIME,PALLET-SINGLE
P-1-F207A470,PRIME_PUTBACK,PALLET-SINGLE
P-1-A236B481,PRIME,PALLET-SINGLE
P-5-C250A534,RANDOM_STOW,PALLET-SINGLE
P-1-A217F493,PRIME,PALLET-SINGLE
P-1-A218F371,PRIME,PALLET-SINGLE
P-1-A218E243,PRIME,PALLET-SINGLE
P-1-A228B462,PRIME,PALLET-SINGLE
P-1-A217D352,PRIME,PALLET-SINGLE
P-1-A242B403,PRIME,PALLET-SINGLE
P-1-A211G272,DIRECTED_MULTI_ASIN,PALLET-SINGLE
P-1-A239B433,PRIME,PALLET-SINGLE
P-1-A238B332,PRIME,PALLET-SINGLE
P-1-A242B351,PRIME,PALLET-SINGLE
P-1-A230B373,PRIME,PALLET-SINGLE
P-1-A225B272,PRIME,PALLET-SINGLE
P-1-A232G401,PRIME,PALLET-SINGLE
P-1-A218G463,PRIME,PALLET-SINGLE
P-1-A230B413,PRIME,PALLET-SINGLE
P-1-A229B490,PRIME,PALLET-SINGLE
P-1-A245B452,PRIME,PALLET-SINGLE
P-1-A248B453,PRIME,PALLET-SINGLE
P-1-A218F483,PRIME,PALLET-SINGLE
P-1-A218F430,PRIME,PALLET-SINGLE
P-1-A217B392,PRIME,PALLET-SINGLE
P-1-A222B362,PRIME,PALLET-SINGLE
P-1-A218G323,PRIME,PALLET-SINGLE
P-1-A218G241,PRIME,PALLET-SINGLE
P-1-A238B501,PRIME,PALLET-SINGLE
P-1-A218F372,PRIME,PALLET-SINGLE
P-1-A223B443,PRIME,PALLET-SINGLE
P-1-A242B282,PRIME,PALLET-SINGLE
P-1-A222B473,PRIME,PALLET-SINGLE
P-5-C401A220,RANDOM_STOW,PALLET-SINGLE
P-1-A245B272,PRIME,PALLET-SINGLE
P-1-A242B371,PRIME,PALLET-SINGLE
P-1-A223B472,PRIME,PALLET-SINGLE
P-1-A234B371,PRIME,PALLET-SINGLE
P-1-A217E351,PRIME,PALLET-SINGLE
P-1-F310A310,PRIME_PUTBACK,PALLET-SINGLE
P-5-C185A474,RANDOM_STOW,PALLET-SINGLE
P-1-F310A245,PRIME_PUTBACK,PALLET-SINGLE
P-1-A227B473,PRIME,PALLET-SINGLE
P-1-A238B330,PRIME,PALLET-SINGLE
P-1-A228B442,PRIME,PALLET-SINGLE
P-1-A231A421,DIRECTED_MULTI_ASIN,PALLET-SINGLE
P-1-A222B403,PRIME,PALLET-SINGLE
P-1-A228B461,PRIME,PALLET-SINGLE
P-1-A223B410,PRIME,PALLET-SINGLE
P-1-A247B453,PRIME,PALLET-SINGLE
P-1-A242B502,PRIME,PALLET-SINGLE
P-1-A226B392,PRIME,PALLET-SINGLE
P-1-A217G392,PRIME,PALLET-SINGLE
P-1-A238B290,PRIME,PALLET-SINGLE
P-1-A217E361,PRIME,PALLET-SINGLE
P-1-A228B470,PRIME,PALLET-SINGLE
P-1-A231B391,PRIME,PALLET-SINGLE
P-1-A236B421,PRIME,PALLET-SINGLE
P-1-A238B412,PRIME,PALLET-SINGLE
P-1-A247B380,PRIME,PALLET-SINGLE
P-1-A218C391,PRIME,PALLET-SINGLE
P-1-A235B403,PRIME,PALLET-SINGLE
P-1-A238B291,PRIME,PALLET-SINGLE
P-1-A230B461,PRIME,PALLET-SINGLE
P-1-A218D240,PRIME,PALLET-SINGLE
P-1-A217E331,PRIME,PALLET-SINGLE
P-1-A218D440,PRIME,PALLET-SINGLE
P-1-A232F412,PRIME,PALLET-SINGLE
P-1-A236B483,PRIME,PALLET-SINGLE
P-1-A243F481,PRIME,PALLET-SINGLE
P-1-F205A270,PRIME_PUTBACK,PALLET-SINGLE
P-1-A227B413,PRIME,PALLET-SINGLE
P-1-A238B482,PRIME,PALLET-SINGLE
P-1-A230B333,PRIME,PALLET-SINGLE
P-1-A218F482,PRIME,PALLET-SINGLE
P-5-B286A264,RANDOM_STOW,PALLET-SINGLE
P-1-F206A500,PRIME_PUTBACK,PALLET-SINGLE
P-1-F202A210,PRIME_PUTBACK,PALLET-SINGLE
P-1-A221B413,PRIME,PALLET-SINGLE
P-1-A245E270,PRIME,PALLET-SINGLE
P-1-A249B362,PRIME,PALLET-SINGLE
P-1-A218E233,PRIME,PALLET-SINGLE
P-1-A248B452,PRIME,PALLET-SINGLE
P-1-A238B461,PRIME,PALLET-SINGLE
P-1-A227B463,PRIME,PALLET-SINGLE
P-1-A228B433,PRIME,PALLET-SINGLE
P-1-A217B320,PRIME,PALLET-SINGLE
P-1-A246B292,PRIME,PALLET-SINGLE
P-1-A236B350,PRIME,PALLET-SINGLE
P-1-A236B443,PRIME,PALLET-SINGLE
P-1-A217B321,PRIME,PALLET-SINGLE
P-1-A230B381,PRIME,PALLET-SINGLE
P-5-C283A636,RANDOM_STOW,PALLET-SINGLE
P-1-A242B392,PRIME,PALLET-SINGLE
P-1-A222B423,PRIME,PALLET-SINGLE
P-1-A221B441,PRIME,PALLET-SINGLE
P-1-A230B481,PRIME,PALLET-SINGLE
P-1-A217F462,PRIME,PALLET-SINGLE
P-1-A246B370,PRIME,PALLET-SINGLE
P-1-A219A440,DIRECTED_MULTI_ASIN,PALLET-SINGLE
P-1-A238B492,PRIME,PALLET-SINGLE
P-1-A217G212,PRIME,PALLET-SINGLE
P-1-A223B383,PRIME,PALLET-SINGLE
P-1-A218E433,PRIME,PALLET-SINGLE
P-1-A228B431,PRIME,PALLET-SINGLE
P-1-A217E391,PRIME,PALLET-SINGLE
P-1-A218G242,PRIME,PALLET-SINGLE
P-5-B283A216,RANDOM_STOW,PALLET-SINGLE
P-1-A218F230,PRIME,PALLET-SINGLE
P-1-A217C442,PRIME,PALLET-SINGLE
P-1-A209A283,DIRECTED_MULTI_ASIN,PALLET-SINGLE
P-1-A218F331,PRIME,PALLET-SINGLE
P-1-A226B402,PRIME,PALLET-SINGLE
P-1-A246B373,PRIME,PALLET-SINGLE
P-1-A243B413,PRIME,PALLET-SINGLE
P-1-A220B461,PRIME,PALLET-SINGLE
P-1-A238B422,PRIME,PALLET-SINGLE
P-1-A225B273,PRIME,PALLET-SINGLE
P-1-A236B351,PRIME,PALLET-SINGLE
P-1-A226B391,PRIME,PALLET-SINGLE
P-1-A228B370,PRIME,PALLET-SINGLE
P-1-A217G211,PRIME,PALLET-SINGLE
P-1-A227B440,PRIME,PALLET-SINGLE
P-1-A217B313,PRIME,PALLET-SINGLE
P-1-A242B330,PRIME,PALLET-SINGLE
P-1-A218C443,PRIME,PALLET-SINGLE
P-1-A209B273,DIRECTED_MULTI_ASIN,PALLET-SINGLE
P-1-A237B483,PRIME,PALLET-SINGLE
P-1-A228B460,PRIME,PALLET-SINGLE
P-1-A222B332,PRIME,PALLET-SINGLE
P-1-A239B382,PRIME,PALLET-SINGLE
P-1-A235B392,PRIME,PALLET-SINGLE
P-1-F300A420,PRIME_PUTBACK,PALLET-SINGLE
P-1-A229B501,PRIME,PALLET-SINGLE
P-1-A218E240,PRIME,PALLET-SINGLE
P-1-A239B370,PRIME,PALLET-SINGLE
P-1-A217G363,PRIME,PALLET-SINGLE
P-1-A229B311,PRIME,PALLET-SINGLE
P-2-B283A210,PRIME,PALLET-SINGLE
P-1-A226B490,PRIME,PALLET-SINGLE
P-1-A217D482,PRIME,PALLET-SINGLE
P-1-A218D481,PRIME,PALLET-SINGLE
P-1-A221A411,DIRECTED_MULTI_ASIN,PALLET-SINGLE
P-1-A226B483,PRIME,PALLET-SINGLE
P-1-A238B462,PRIME,PALLET-SINGLE
P-1-A234B482,PRIME,PALLET-SINGLE
P-1-A249B273,PRIME,PALLET-SINGLE
P-1-F300A450,PRIME_PUTBACK,PALLET-SINGLE
P-1-A218E451,PRIME,PALLET-SINGLE
P-1-A238B381,PRIME,PALLET-SINGLE
P-1-A234B481,PRIME,PALLET-SINGLE
P-1-A229B313,PRIME,PALLET-SINGLE
P-1-A218G430,PRIME,PALLET-SINGLE
P-1-A246A410,DIRECTED_MULTI_ASIN,PALLET-SINGLE
P-1-A246A330,DIRECTED_MULTI_ASIN,PALLET-SINGLE
P-1-A222A330,DIRECTED_MULTI_ASIN,PALLET-SINGLE
P-1-A237A343,DIRECTED_MULTI_ASIN,PALLET-SINGLE
P-1-A244A390,DIRECTED_MULTI_ASIN,PALLET-SINGLE
P-1-A237A341,DIRECTED_MULTI_ASIN,PALLET-SINGLE
P-1-A237A400,DIRECTED_MULTI_ASIN,PALLET-SINGLE
P-1-A238A330,DIRECTED_MULTI_ASIN,PALLET-SINGLE
P-1-A222A410,DIRECTED_MULTI_ASIN,PALLET-SINGLE
P-1-A242A330,DIRECTED_MULTI_ASIN,PALLET-SINGLE
P-1-A232A402,DIRECTED_MULTI_ASIN,PALLET-SINGLE
P-1-A240A410,DIRECTED_MULTI_ASIN,PALLET-SINGLE
P-1-A244A213,DIRECTED_MULTI_ASIN,PALLET-SINGLE
P-1-A238A410,DIRECTED_MULTI_ASIN,PALLET-SINGLE
